lga,state,latitude,longitude,current_stock_level,fridge_temperature_celsius,predicted_stockout_risk
Ajingi,Kano,11.93275704,9.034592871,5482,17.617272727272727,0.2925663099681727
Ajingi,Kano,11.984654,9.133028,2815,17.95111111111111,0.27883571154331943
Albasu,Kano,11.627,9.151,4073,13.578,0.28976681124596465
Albasu,Kano,11.723773,8.932581,4246,13.842727272727274,0.3297883641042526
Auyo,Jigawa,12.2457794,9.8798986,1543,15.892,0.41488000689968096
Auyo,Jigawa,12.2704195,9.9262541,1801,17.955555555555556,0.33462322763526026
Babura,Jigawa,12.6483593,8.8900623,1416,21.2925,0.25155154839185073
Babura,Jigawa,12.7045029,8.9701653,1415,13.686250000000001,0.3654590832486446
Bagwai,Kano,12.102407,7.994044,6159,14.058181818181819,0.29457326551218765
Bagwai,Kano,12.12431108,8.077518554,6921,14.178,0.24709041781718247
Bakori,Katsina,11.53656361,7.363524228,758,16.911666666666665,0.3955602476947655
Bakori,Katsina,11.685818,7.33931218,2173,20.0825,0.2765663420446886
Batagarawa,Katsina,12.86273333,7.442746667,615,19.97,0.3284548858410855
Batagarawa,Katsina,12.996545,7.732171667,1251,21.2225,0.17687402238417993
Batsari,Katsina,12.84713288,7.282825711,2849,17.990000000000002,0.34830418158882626
Batsari,Katsina,12.93978,7.235351667,1031,15.394,0.3299584943632478
Baure,Katsina,12.79591,8.740895,2939,15.821818181818182,0.3564864059021568
Baure,Katsina,12.850757,8.67531,1320,18.92833333333333,0.35760682209829286
Bebeji,Kano,11.409326,8.314452,3058,10.163,0.3581614418691075
Bebeji,Kano,11.59194859,8.35778813,4629,15.686250000000001,0.2570361448029516
Bichi,Kano,12.300918,8.443265,4982,15.400909090909092,0.0006060606060606061
Bichi,Kano,12.380523,8.147549,5546,14.682142857142857,0.3162396987765166
Bindawa,Katsina,12.72206667,7.830065,1425,11.8825,0.4450663082059539
Bindawa,Katsina,12.72466,7.861308333,1158,19.298,0.35821535001786187
Birnin Gwari,Katsina,11.317399,7.011428,1604,18.194,0.24351100373368287
Birnin Kudu,Jigawa,11.4168143,9.6149566,664,17.093333333333334,0.3476909514291668
Birnin Kudu,Jigawa,11.6751604,9.5638707,1409,17.356,0.30331506679576575
Birniwa,Jigawa,12.733739,9.962733,2128,18.24,0.24255181234189827
Birniwa,Jigawa,12.911089,10.1005526,2481,18.98909090909091,0.3051527523330605
Buji,Jigawa,11.450644,9.696123,1188,20.272857142857145,0.3159919402610518
Buji,Jigawa,11.469779,9.770064,1052,18.544444444444444,0.3795635010078695
Bunkure,Kano,11.67918831,8.717330854,3903,18.26888888888889,0.0
Bunkure,Kano,11.68954,8.42337,2924,10.941,0.36360134080988865
Charanchi,Katsina,12.442526,7.706333,798,21.243333333333332,0.16678285900469098
Charanchi,Katsina,12.712076,7.619743,987,20.704,0.0
Dala,Kano,12.00622,8.51001,4758,9.042499999999999,0.3904164461723454
Dala,Kano,12.0090136,8.5143982,3236,17.185,0.2867246955537943
Dan Musa,Katsina,12.1342433,7.5232167,1438,17.29375,0.32028990870453106
Dan Musa,Katsina,12.223565,7.351621,1237,19.89142857142857,0.0
Danbatta,Kano,12.357899,8.749188,3351,19.462,0.28907334803664514
Danbatta,Kano,12.48822824,8.476077811,3498,20.66142857142857,0.2331626659809635
Dandume,Katsina,11.3333791,7.2013383,947,21.236,0.2721638300529123
Dandume,Katsina,11.4477691,7.084358,2200,16.763333333333335,0.33532308053384297
Danja,Katsina,11.34487,7.71029,487,21.645,0.14598896597573965
Danja,Katsina,11.38841,7.497637,1589,19.451666666666668,0.2654253037407436
Daura,Katsina,13.024766,8.308871,2696,12.324444444444444,0.0
Daura,Katsina,13.02732,8.3318167,1404,10.217142857142857,0.3531305721852866
Dawakin Kudu,Kano,11.77229633,8.763639536,6947,17.996666666666666,0.29673414498009143
Dawakin Kudu,Kano,11.84732263,8.530283841,6043,12.748571428571427,0.3254142061557246
Dawakin Tofa,Kano,12.05056,8.37907,6764,6.9947058823529416,0.000392156862745098
Dawakin Tofa,Kano,12.16298497,8.357696608,10553,10.097058823529412,0.25232862282659185
Doguwa,Kano,10.72901743,8.619294659,6241,16.53909090909091,0.24818034582952836
Doguwa,Kano,10.73223534,8.582787971,6006,8.183333333333334,0.2802419514483971
Dutse,Jigawa,11.6309474,9.3396355,1929,16.005,0.35185519235033497
Dutsi,Katsina,12.93783,8.154572,1182,17.345000000000002,0.2780521696178185
Dutsi,Katsina,12.96554,8.18839,574,19.97,0.00020202020202020202
Dutsin-Ma,Katsina,12.400705,7.483636667,1391,15.388571428571428,0.35970254204371593
Dutsin-Ma,Katsina,12.40246141,7.430670967,1727,17.60666666666667,0.0
Fagge,Kano,12.026586,8.53194,5870,15.168333333333331,0.0
Fagge,Kano,12.05452,8.47903,6275,18.465,0.21140898805496514
Faskari,Katsina,11.782342,7.037581,1595,19.38142857142857,0.36364893023246025
Faskari,Katsina,11.7836954,7.0775805,1256,19.078333333333333,0.34712941327703467
Funtua,Katsina,11.4881,7.3098,605,20.6225,0.0
Funtua,Katsina,11.51989,7.31521,1259,17.302000000000003,0.3109784098513489
Gabasawa,Kano,12.138907,8.862188,2509,17.415000000000003,0.35815093615542354
Gabasawa,Kano,12.204273,8.884345,2049,19.447142857142858,0.33453911494418126
Gagarawa,Jigawa,12.5473635,9.5343443,2443,17.01833333333333,0.3113611202787315
Gagarawa,Jigawa,12.5829006,9.4668934,2106,18.915454545454548,0.38111634269327865
Garki,Jigawa,12.326832,9.106221,946,17.83875,0.38434254655950545
Garki,Jigawa,12.4357228,9.1858759,1108,11.966666666666665,0.4421234372703554
Garko,Kano,11.476231,8.824999,3999,17.310999999999996,0.358130203818187
Garko,Kano,11.6425235,8.800669,5824,17.7325,0.2805288352694402
Garum Mallam,Kano,11.644432,8.411452,7160,12.68,0.3271710848939009
Garum Mallam,Kano,11.695721,8.437705,6425,18.615000000000002,0.18257547150201306
Gaya,Kano,11.86213,9.00813,3078,13.791428571428572,0.0009523809523809524
Gaya,Kano,11.865061,9.005146,7298,6.707857142857144,0.27639242601658115
Gezawa,Kano,11.983936,8.623301392,5173,14.090000000000002,0.0003581267217630854
Gezawa,Kano,12.123433,8.721703,5976,13.98923076923077,0.2777450855066783
Gumel,Jigawa,12.6271858,9.3879454,1477,16.865,0.4303292124944927
Gumel,Jigawa,12.695501,9.42341,1311,19.576999999999998,0.3709831085100467
Guri,Jigawa,12.5095577,10.5133912,1014,15.704285714285716,0.4447351673968346
Guri,Jigawa,12.7659385,10.3823597,2625,19.648333333333333,0.3256269929428122
Gwale,Kano,11.98378857,8.474585926,8443,16.69272727272727,0.1559500839853739
Gwale,Kano,11.984956,8.492864,8037,4.475882352941177,0.3464195946182627
Gwaram,Jigawa,11.4064374,9.8611203,1937,18.03,0.2947012824520022
Gwaram,Jigawa,11.4300281,9.8024062,1118,19.315,0.3356680031583336
Gwarzo,Kano,11.8249171,7.93284187,3690,20.235714285714284,0.28094565111294756
Gwarzo,Kano,11.82590333,7.933865,4051,18.998749999999998,0.0004166666666666667
Gwiwa,Jigawa,12.78568,8.34096,1894,17.84111111111111,0.32202511813754287
Gwiwa,Jigawa,12.78793128,8.354072707,699,17.661666666666665,0.30902827138279
Hadejia,Jigawa,12.4507,10.03991,1981,9.041818181818181,0.43487533039615284
Hadejia,Jigawa,12.4557465,10.0419553,2191,17.137272727272727,0.3292124536976061
Ingawa,Katsina,12.5452845,8.0634841,2489,10.175999999999998,0.39547690724185164
Ingawa,Katsina,12.70926913,7.968730781,430,19.790000000000003,0.23904833961437377
Jahun,Jigawa,11.993444,9.798088,1605,16.851111111111113,0.35153607877359566
Jahun,Jigawa,12.10148,9.76306,2386,13.398333333333333,0.37777527412318096
Jibia,Katsina,13.015108,7.226769,1718,20.415714285714287,0.2924927322326102
Jibia,Katsina,13.123954,7.599715,1097,15.821666666666667,0.3203613663048343
Kabo,Kano,11.91412,8.17814,6760,18.079090909090908,0.251543007312964
Kabo,Kano,11.9451917,8.030194043,6041,11.535714285714286,0.33563873462101024
Kafin Hausa,Jigawa,12.0865798,9.8967083,1144,18.565,0.3082744200138187
Kafin Hausa,Jigawa,12.15531,10.03186,1345,17.126666666666665,0.3971954523430162
Kafur,Katsina,11.50570667,7.642486667,969,17.465,0.3133899319724094
Kafur,Katsina,11.65509,7.548706,426,20.5,0.257668681324466
Kaita,Katsina,13.06307,7.75098,956,15.348571428571429,0.4359519394328531
Kaita,Katsina,13.07197,7.78835,1279,21.243999999999996,0.23400003156450833
Kankara,Katsina,12.04851833,7.275371667,2405,14.84125,0.35521634016857756
Kankara,Katsina,12.115259,7.321506,792,20.7475,0.0
Kankia,Katsina,12.31597167,7.800478333,1666,18.483333333333334,0.30368184015233507
Kankia,Katsina,12.496635,7.843028333,860,21.365,0.33158509473839776
Kano Municipal,Kano,11.998514,8.516405,3709,16.92222222222222,0.36222936570476816
Kano Municipal,Kano,12.00201,8.51656,5359,15.347692307692306,0.2803263339426699
Karaye,Kano,11.816173,8.002064,2792,14.6775,0.3593070176984416
Karaye,Kano,11.82725,7.99075,3053,12.805,0.3296913628159827
Katsina,Katsina,12.979632,7.625279,1758,12.481428571428571,0.0014285714285714286
Katsina,Katsina,12.9891104,7.614641,849,18.166666666666668,0.00020202020202020205
Kaugama,Jigawa,12.7669406,9.7488339,647,15.003333333333334,0.3138890903163484
Kazaure,Jigawa,12.625483,8.526033,1016,15.31125,0.3944427316139692
Kazaure,Jigawa,12.6826637,8.4046257,3315,14.632857142857144,0.4363600891909097
Kibiya,Kano,11.451798,8.716889,3298,19.322222222222223,0.2849102470958793
Kibiya,Kano,11.505875,8.713019,2295,18.975,0.2744367002215951
Kiri Kasamma,Jigawa,12.5351647,10.120525,1733,16.375555555555554,0.38006248498227274
Kiri Kasamma,Jigawa,12.65473599,10.33839415,2763,17.215,0.2872422805029972
Kiru,Kano,11.43429704,8.237017491,4457,16.362000000000002,0.26989604786766636
Kiru,Kano,11.53789,8.07234,4033,10.495714285714286,0.2635672130667571
Kiyawa,Jigawa,11.8626563,9.6098779,897,14.577,0.3887035482180084
Kiyawa,Jigawa,11.8746973,9.6683207,2644,13.135555555555554,0.3185836083390125
Kumbotso,Kano,11.88844347,8.504878493,5109,12.602,0.0003333333333333333
Kunchi,Kano,12.407603,8.222308,3436,14.83,0.2743353198238176
Kunchi,Kano,12.58688,8.25906,4073,18.867,0.0
Kura,Kano,11.740489,8.455725,6074,15.044615384615385,0.3191229474737231
Kura,Kano,11.81097474,8.431165637,6096,14.311538461538461,0.3476304448144087
Kurfi,Katsina,12.578279,7.599645,1899,15.020000000000001,0.35896734643094014
Kurfi,Katsina,12.588494,7.497081,1577,21.431428571428572,0.0009523809523809524
Kusada,Katsina,12.47322193,7.931394451,899,14.933333333333334,0.0
Kusada,Katsina,12.49313,7.904,628,20.743333333333332,0.2596020709288282
Madobi,Kano,11.75815487,8.355088232,8304,3.332,0.27755602958588915
Madobi,Kano,11.81787113,8.326992062,3893,16.527,0.2520064072147854
Mai'Adua,Katsina,13.049588,8.250044,1907,20.693333333333335,0.0
Mai'Adua,Katsina,13.16245167,8.214183333,1739,15.73375,0.32379660685152994
Maigatari,Jigawa,12.771199,9.475703001,2917,9.377272727272727,0.34656675072712834
Maigatari,Jigawa,12.8045044,9.448120117,1371,19.248333333333335,0.30896324112185947
Makoda,Kano,12.33582,8.444996,8477,13.336153846153847,0.2233071607455294
Makoda,Kano,12.384923,8.460376,7989,8.490833333333335,0.20710107419419999
Malam Madori,Jigawa,12.3704942,9.9098814,1460,14.11125,0.35281986140907895
Malam Madori,Jigawa,12.4376713,9.9213013,2426,14.016153846153847,0.41884629517160415
Malumfashi,Katsina,11.87941,7.65932,1973,12.895000000000001,0.0
Malumfashi,Katsina,11.9581218,7.6296835,783,20.8,0.24697260333506912
Mani,Katsina,12.8395,8.05643,872,20.646666666666665,0.0
Mani,Katsina,12.91044,7.89004,1030,10.882,0.4009046755674367
Mashi,Katsina,12.94781833,8.001308333,1752,13.856250000000001,0.0009090909090909092
Mashi,Katsina,12.97191,8.03192,2090,18.214285714285715,0.31583584322752206
Matazu,Katsina,12.18338,7.70453,1218,15.632857142857144,0.3774012986751017
Matazu,Katsina,12.272683,7.647533,1273,18.709999999999997,0.3125896360040522
Miga,Jigawa,12.17730713,9.765075684,1829,14.670000000000002,0.3893421394081376
Miga,Jigawa,12.23534905,9.786980248,1502,16.226000000000003,0.40372751445186306
Minjibir,Kano,12.2170973,8.662968055,6798,11.190909090909091,0.22818114449066482
Minjibir,Kano,12.222731,8.707135,3308,16.395,0.302779806181397
Musawa,Katsina,12.00237356,7.58279931,1089,15.942727272727273,0.44998537429683017
Musawa,Katsina,12.0953,7.803698333,1475,16.977142857142855,0.0
Nasarawa,Kano,11.98134,8.56272,5437,19.045555555555556,0.21844754993898943
Nasarawa,Kano,12.00531006,8.586303711,5428,18.63,5.509641873278237e-05
Nguru,Jigawa,12.81344,10.292905,1602,12.493333333333332,0.42882142163424214
Rano,Kano,11.393426,8.538756,4768,19.576,0.25864347020577394
Rano,Kano,11.4176757,8.481773059,4073,12.473333333333333,0.3163270902785999
Rimi,Katsina,12.94195667,7.731351667,655,16.26,0.30600978203510076
Rimi,Katsina,13.0139,7.74299,2383,18.9575,0.0
Rimin Gado,Kano,11.8947841,8.375658652,5369,15.338888888888889,0.25438362395226594
Rimin Gado,Kano,11.89921863,8.27847613,5877,16.828181818181818,0.2956620269801311
Ringim,Jigawa,12.12154,9.2898,2450,16.950833333333335,0.3743524205481701
Ringim,Jigawa,12.1503715,9.1699798,772,11.9075,0.48110837985241034
Rogo,Kano,11.51802658,7.76543349,7868,13.680000000000001,0.0
Rogo,Kano,11.54989,7.87368,3409,19.798333333333332,0.28037873690771775
Roni,Jigawa,12.51526416,8.37113881,667,15.121666666666666,0.4353486784045699
Roni,Jigawa,12.6609469,8.2665742,2198,18.304615384615385,0.3862981582134869
Sabuwa,Katsina,11.206827,7.102657,1342,14.922857142857143,0.37283107946082744
Sabuwa,Katsina,11.25672667,7.158958333,1004,17.128333333333334,0.30570667075700625
Safana,Katsina,12.515367,7.322757,1213,15.278333333333332,0.33916792588901046
Safana,Katsina,12.54589844,7.345275879,2105,18.797777777777778,0.0
Sandamu,Katsina,12.83704833,8.39247,1432,20.718,0.0
Sandamu,Katsina,12.93222333,8.436898333,1621,20.51833333333333,0.25742654899366324
Shanono,Kano,12.00265,8.09711,4189,14.966666666666667,0.2990156017819338
Shanono,Kano,12.0528,7.986458,6959,9.746428571428572,0.321728859387704
Sule-Tankarkar,Jigawa,12.493398,9.285035,999,18.93,0.2723745142320351
Sule-Tankarkar,Jigawa,12.7562065,9.3005344,1885,16.523333333333333,0.3433275789185161
Sumaila,Kano,11.12321122,8.846287362,4700,14.516,0.2583445539215327
Sumaila,Kano,11.38860188,9.00476271,5238,17.288,0.2877313138478971
Takai,Kano,11.43708802,9.136972174,8629,18.586666666666666,0.1962550202109217
Takai,Kano,11.611597,9.085984,5120,6.957272727272727,0.33975792467716764
Tarauni,Kano,11.96313164,8.535550031,5946,10.795,0.2868327949259504
Tarauni,Kano,11.982914,8.552165,5133,16.1575,0.2897870061421245
Taura,Jigawa,12.2590762,9.2340466,2354,17.883636363636363,0.34104608665692
Taura,Jigawa,12.2741373,9.5372544,1233,13.935714285714285,0.393720858996069
Tofa,Kano,12.03841,8.32023,4243,20.184545454545457,0.00030303030303030303
Tofa,Kano,12.05791198,8.334745131,3474,19.54714285714286,0.28066261788263935
Tsanyawa,Kano,12.19196938,8.01627349,9766,6.185882352941177,0.27988575324777987
Tsanyawa,Kano,12.28003277,7.94132408,5689,12.162727272727272,0.294539648347972
Tudun Wada,Kano,11.2894919,8.485156884,7711,15.099090909090908,0.19457334573978793
Tudun Wada,Kano,11.407798,8.771787,7080,13.585,0.26077184383764895
Ungogo,Kano,12.05943395,8.619827234,3504,15.603333333333333,0.2840812771753415
Ungogo,Kano,12.07294707,8.58133536,3402,15.135,0.3696312654352509
Warawa,Kano,11.893863,8.854604,5053,14.020833333333334,0.37377241706433967
Warawa,Kano,11.95732994,8.783268189,5126,17.65857142857143,0.1753779484494078
Wudil,Kano,11.743571,8.855573,3965,17.42818181818182,0.3271457948534294
Wudil,Kano,11.74412461,8.88214013,4673,18.35625,0.23566930929130023
Yankwashi,Jigawa,12.695031,8.5808204,1666,15.857,0.3971346510480499
Yankwashi,Jigawa,12.700245,8.552039,2378,9.88090909090909,0.3491192072216232
Zango,Katsina,12.920785,8.489995,2159,16.12125,0.29896213819083944
Zango,Katsina,12.93225667,8.508998333,1208,16.044,0.27474335625631857
